{"cameraMode":{"drawMode":0,"name":"Shaded","section":"Shading Mode"},"sceneLighting":true,"audioPlay":false,"sceneViewState":{"showFog":true,"showMaterialUpdate":false,"showSkybox":true,"showFlares":true,"showImageEffects":true,"showParticleSystems":true},"in2DMode":false,"pivot":{"x":665.0396118164063,"y":418.5124206542969,"z":11.425124168395996},"rotation":{"x":-0.03479505702853203,"y":-0.021891247481107713,"z":0.0007495793979614973,"w":-0.9991776347160339},"size":822.098876953125,"orthographic":false}