{"cameraMode":{"drawMode":0,"name":"Shaded","section":"Shading Mode"},"sceneLighting":true,"audioPlay":false,"sceneViewState":{"showFog":true,"showMaterialUpdate":false,"showSkybox":true,"showFlares":true,"showImageEffects":true,"showParticleSystems":true},"in2DMode":false,"pivot":{"x":861.3241577148438,"y":426.77899169921877,"z":14.1842679977417},"rotation":{"x":-0.05727928876876831,"y":0.0005929917097091675,"z":-0.00004673838702728972,"w":-0.9983810186386108},"size":859.4434204101563,"orthographic":false}